{
	"class_name" : "PinholeCameraParameters",
	"extrinsic" : 
	[
		0.93826004598825419,
		0.14266152770299298,
		-0.31514405375251392,
		0.0,
		-0.11277792924880264,
		0.98737756943844412,
		0.11120554862138263,
		0.0,
		0.32703092327251149,
		-0.06879842936636564,
		0.94250599538689939,
		0.0,
		-2.443319844824317,
		-1.8273174803114891,
		1.8921137334653457,
		1.0
	],
	"intrinsic" : 
	{
		"height" : 1080,
		"intrinsic_matrix" : 
		[
			935.30743608719399,
			0.0,
			0.0,
			0.0,
			935.30743608719399,
			0.0,
			959.5,
			539.5,
			1.0
		],
		"width" : 1920
	},
	"version_major" : 1,
	"version_minor" : 0
}